time_s, gt_x, gt_y, gt_th, est_x, est_y, est_th, df, ds, dr
0,0,0.1507,0,0,0.1507,0,63.78,0,0
0.01,0,0.3013,0,0,0.3013,0,63.78,0,0
0.02,0,0.452,0,0,0.452,0,63.78,0,0
0.03,0,0.6026,0,0,0.6026,0,63.78,0,0
0.04,0,0.7533,0,0,0.7533,0,63.78,0,0
0.05,0,0.904,0,0,0.904,0,63.78,0,0
0.06,0,1.0546,0,0,1.0546,0,63.78,0,0
0.07,0,1.2053,0,0,1.2053,0,63.78,0,0
0.08,0,1.3559,0,0,1.3559,0,63.78,0,0
0.09,0,1.5066,0,0,1.5066,0,63.78,0,0
0.1,0,1.6573,0,0,1.6573,0,63.78,0,0
0.11,0,1.8079,0,0,1.8079,0,63.78,0,0
0.12,0,1.9586,0,0,1.9586,0,63.78,0,0
0.13,0,2.1092,0,0,2.1092,0,63.78,0,0
0.14,0,2.2599,0,0,2.2599,0,63.78,0,0
0.15,0,2.4106,0,0,2.4106,0,63.78,0,0
0.16,0,2.5612,0,0,2.5612,0,63.78,0,0
0.17,0,2.7119,0,0,2.7119,0,63.78,0,0
0.18,0,2.8625,0,0,2.8625,0,63.78,0,0
0.19,0,3.0132,0,0,3.0132,0,63.78,0,0
0.2,0,3.1639,0,0,3.1639,0,63.78,0,0
0.21,0,3.3145,0,0,3.3145,0,63.78,0,0
0.22,0,3.4652,0,0,3.4652,0,63.78,0,0
0.23,0,3.6158,0,0,3.6158,0,63.78,0,0
0.24,0,3.7665,0,0,3.7665,0,63.78,0,0
0.25,0,3.9172,0,0,3.9172,0,63.78,0,0
0.26,0,4.0678,0,0,4.0678,0,63.78,0,0
0.27,0,4.2185,0,0,4.2185,0,63.78,0,0
0.28,0,4.3691,0,0,4.3691,0,63.78,0,0
0.29,0,4.5198,0,0,4.5198,0,63.78,0,0
0.3,0,4.6705,0,0,4.6705,0,63.78,0,0
0.31,0,4.8211,0,0,4.8211,0,63.78,0,0
0.32,0,4.9718,0,0,4.9718,0,63.78,0,0
0.33,0,5.1225,0,0,5.1225,0,63.78,0,0
0.34,0,5.2731,0,0,5.2731,0,63.78,0,0
0.35,0,5.4238,0,0,5.4238,0,63.78,0,0
0.36,0,5.5744,0,0,5.5744,0,63.78,0,0
0.37,0,5.7251,0,0,5.7251,0,63.78,0,0
0.38,0,5.8758,0,0,5.8758,0,63.78,0,0
0.39,0,6.0264,0,0,6.0264,0,63.78,0,0
0.4,0,6.1771,0,0,6.1771,0,63.78,0,0
0.41,0,6.3277,0,0,6.3277,0,63.78,0,0
0.42,0,6.4784,0,0,6.4784,0,63.78,0,0
0.43,0,6.6291,0,0,6.6291,0,63.78,0,0
0.44,0,6.7797,0,0,6.7797,0,63.78,0,0
0.45,0,6.9304,0,0,6.9304,0,63.78,0,0
0.46,0,7.081,0,0,7.081,0,63.78,0,0
0.47,0,7.2317,0,0,7.2317,0,63.78,0,0
0.48,0,7.3824,0,0,7.3824,0,63.78,0,0
0.49,0,7.533,0,0,7.533,0,63.78,0,0
0.5,0,7.6837,0,0,7.6837,0,63.78,0,0
0.51,0,7.8343,0,0,7.8343,0,63.78,0,0
0.52,0,7.985,0,0,7.985,0,63.78,0,0
0.53,0,8.1357,0,0,8.1357,0,63.78,0,0
0.54,0,8.2863,0,0,8.2863,0,63.78,0,0
0.55,0,8.437,0,0,8.437,0,63.78,0,0
0.56,0,8.5876,0,0,8.5876,0,63.78,0,0
0.57,0,8.7383,0,0,8.7383,0,63.78,0,0
0.58,0,8.889,0,0,8.889,0,63.78,0,0
0.59,0,9.0396,0,0,9.0396,0,63.78,0,0
0.6,0,9.1903,0,0,9.1903,0,63.78,0,0
0.61,0,9.3409,0,0,9.3409,0,63.78,0,0
0.62,0,9.4916,0,0,9.4916,0,63.78,0,0
0.63,0,9.6423,0,0,9.6423,0,63.78,0,0
0.64,0,9.7929,0,0,9.7929,0,63.78,0,0
0.65,0,9.9436,0,0,9.9436,0,63.78,0,0
0.66,0,10.0942,0,0,10.0942,0,63.78,0,0
0.67,0,10.2449,0,0,10.2449,0,63.78,0,0
0.68,0,10.3956,0,0,10.3956,0,63.78,0,0
0.69,0,10.5462,0,0,10.5462,0,63.78,0,0
0.7,0,10.6969,0,0,10.6969,0,63.78,0,0
0.71,0,10.8475,0,0,10.8475,0,63.78,0,0
0.72,0,10.9982,0,0,10.9982,0,63.78,0,0
0.73,0,11.1489,0,0,11.1489,0,63.78,0,0
0.74,0,11.2995,0,0,11.2995,0,63.78,0,0
0.75,0,11.4502,0,0,11.4502,0,63.78,0,0
0.76,0,11.6008,0,0,11.6008,0,63.78,0,0
0.77,0,11.7515,0,0,11.7515,0,63.78,0,0
0.78,0,11.9022,0,0,11.9022,0,63.78,0,0
0.79,0,12.0528,0,0,12.0528,0,63.78,0,0
0.8,0,12.2035,0,0,12.2035,0,63.78,0,0
0.81,0,12.3541,0,0,12.3541,0,63.78,0,0
0.82,0,12.5048,0,0,12.5048,0,63.78,0,0
0.83,0,12.6555,0,0,12.6555,0,63.78,0,0
0.84,0,12.8061,0,0,12.8061,0,63.78,0,0
0.85,0,12.9568,0,0,12.9568,0,63.78,0,0
0.86,0,13.1074,0,0,13.1074,0,63.78,0,0
0.87,0,13.2581,0,0,13.2581,0,63.78,0,0
0.88,0,13.4088,0,0,13.4088,0,63.78,0,0
0.89,0,13.5594,0,0,13.5594,0,63.78,0,0
0.9,0,13.7101,0,0,13.7101,0,63.78,0,0
0.91,0,13.8607,0,0,13.8607,0,63.78,0,0
0.92,0,14.0114,0,0,14.0114,0,63.78,0,0
0.93,0,14.1621,0,0,14.1621,0,63.78,0,0
0.94,0,14.3127,0,0,14.3127,0,63.78,0,0
0.95,0,14.4634,0,0,14.4634,0,63.78,0,0
0.96,0,14.614,0,0,14.614,0,63.78,0,0
0.97,0,14.7647,0,0,14.7647,0,63.78,0,0
0.98,0,14.9154,0,0,14.9154,0,63.78,0,0
0.99,0,15.066,0,0,15.066,0,63.78,0,0
1,0,15.2167,0,0,15.2167,0,63.78,0,0
1.01,0,15.3674,0,0,15.3674,0,63.78,0,0
1.02,0,15.518,0,0,15.518,0,63.78,0,0
1.03,0,15.6687,0,0,15.6687,0,63.78,0,0
1.04,0,15.8193,0,0,15.8193,0,63.78,0,0
1.05,0,15.97,0,0,15.97,0,63.78,0,0
1.06,0,16.1207,0,0,16.1207,0,63.78,0,0
1.07,0,16.2713,0,0,16.2713,0,63.78,0,0
1.08,0,16.422,0,0,16.422,0,63.78,0,0
1.09,0,16.5726,0,0,16.5726,0,63.78,0,0
1.1,0,16.7233,0,0,16.7233,0,63.78,0,0
1.11,0,16.874,0,0,16.874,0,63.78,0,0
1.12,0,17.0246,0,0,17.0246,0,63.78,0,0
1.13,0,17.1753,0,0,17.1753,0,63.78,0,0
1.14,0,17.3259,0,0,17.3259,0,63.78,0,0
1.15,0,17.4766,0,0,17.4766,0,63.78,0,0
1.16,0,17.6273,0,0,17.6273,0,63.78,0,0
1.17,0,17.7779,0,0,17.7779,0,63.78,0,0
1.18,0,17.9286,0,0,17.9286,0,63.78,0,0
1.19,0,18.0792,0,0,18.0792,0,63.78,0,0
1.2,0,18.2299,0,0,18.2299,0,63.78,0,0
1.21,0,18.3806,0,0,18.3806,0,63.78,0,0
1.22,0,18.5312,0,0,18.5312,0,63.78,0,0
1.23,0,18.6819,0,0,18.6819,0,63.78,0,0
1.24,0,18.8325,0,0,18.8325,0,63.78,0,0
1.25,0,18.9832,0,0,18.9832,0,63.78,0,0
1.26,0,19.1339,0,0,19.1339,0,63.78,0,0
1.27,0,19.2845,0,0,19.2845,0,63.78,0,0
1.28,0,19.4352,0,0,19.4352,0,63.78,0,0
1.29,0,19.5858,0,0,19.5858,0,63.78,0,0
1.3,0,19.7365,0,0,19.7365,0,63.78,0,0
1.31,0,19.8872,0,0,19.8872,0,63.78,0,0
1.32,0,20.0378,0,0,20.0378,0,63.78,0,0
1.33,0,20.1885,0,0,20.1885,0,63.78,0,0
1.34,0,20.3391,0,0,20.3391,0,63.78,0,0
1.35,0,20.4898,0,0,20.4898,0,63.78,0,0
1.36,0,20.6405,0,0,20.6405,0,63.78,0,0
1.37,0,20.7911,0,0,20.7911,0,63.78,0,0
1.38,0,20.9418,0,0,20.9418,0,63.78,0,0
1.39,0,21.0924,0,0,21.0924,0,63.78,0,0
1.4,0,21.2431,0,0,21.2431,0,63.78,0,0
1.41,0,21.3938,0,0,21.3938,0,63.78,0,0
1.42,0,21.5444,0,0,21.5444,0,63.78,0,0
1.43,0,21.6951,0,0,21.6951,0,63.78,0,0
1.44,0,21.8457,0,0,21.8457,0,63.78,0,0
1.45,0,21.9964,0,0,21.9964,0,63.78,0,0
1.46,0,22.1471,0,0,22.1471,0,63.78,0,0
1.47,0,22.2977,0,0,22.2977,0,63.78,0,0
1.48,0,22.4484,0,0,22.4484,0,63.78,0,0
1.49,0,22.599,0,0,22.599,0,63.78,0,0
1.5,0,22.7497,0,0,22.7497,0,63.78,0,0
1.51,0,22.9004,0,0,22.9004,0,63.78,0,0
1.52,0,23.051,0,0,23.051,0,63.78,0,0
1.53,0,23.2017,0,0,23.2017,0,63.78,0,0
1.54,0,23.3523,0,0,23.3523,0,63.78,0,0
1.55,0,23.503,0,0,23.503,0,63.78,0,0
1.56,0,23.6537,0,0,23.6537,0,63.78,0,0
1.57,0,23.8043,0,0,23.8043,0,63.78,0,0
1.58,0,23.955,0,0,23.955,0,63.78,0,0
1.59,0,24.1056,0,0,24.1056,0,63.78,0,0
1.6,0,24.2563,0,0,24.2563,0,63.78,0,0
1.61,0,24.407,0,0,24.407,0,63.78,0,0
1.62,0,24.5576,0,0,24.5576,0,63.78,0,0
1.63,0,24.7083,0,0,24.7083,0,63.78,0,0
1.64,0,24.8589,0,0,24.8589,0,63.78,0,0
1.65,0,25.0096,0,0,25.0096,0,63.78,0,0
1.66,0,25.1603,0,0,25.1603,0,63.78,0,0
1.67,0,25.3109,0,0,25.3109,0,63.78,0,0
1.68,0,25.4616,0,0,25.4616,0,63.78,0,0
1.69,0,25.6123,0,0,25.6123,0,63.78,0,0
1.7,0,25.7629,0,0,25.7629,0,63.78,0,0
1.71,0,25.9136,0,0,25.9136,0,63.78,0,0
1.72,0,26.0642,0,0,26.0642,0,63.78,0,0
1.73,0,26.2149,0,0,26.2149,0,63.78,0,0
1.74,0,26.3656,0,0,26.3656,0,63.78,0,0
1.75,0,26.5162,0,0,26.5162,0,63.78,0,0
1.76,0,26.6669,0,0,26.6669,0,63.78,0,0
1.77,0,26.8175,0,0,26.8175,0,63.78,0,0
1.78,0,26.9682,0,0,26.9682,0,63.78,0,0
1.79,0,27.1189,0,0,27.1189,0,63.78,0,0
1.8,0,27.2695,0,0,27.2695,0,63.78,0,0
1.81,0,27.4202,0,0,27.4202,0,63.78,0,0
1.82,0,27.5708,0,0,27.5708,0,63.78,0,0
1.83,0,27.7215,0,0,27.7215,0,63.78,0,0
1.84,0,27.8722,0,0,27.8722,0,63.78,0,0
1.85,0,28.0228,0,0,28.0228,0,63.78,0,0
1.86,0,28.1735,0,0,28.1735,0,63.78,0,0
1.87,0,28.3241,0,0,28.3241,0,63.78,0,0
1.88,0,28.4748,0,0,28.4748,0,63.78,0,0
1.89,0,28.6255,0,0,28.6255,0,63.78,0,0
1.9,0,28.7761,0,0,28.7761,0,63.78,0,0
1.91,0,28.9268,0,0,28.9268,0,63.78,0,0
1.92,0,29.0774,0,0,29.0774,0,63.78,0,0
1.93,0,29.2281,0,0,29.2281,0,63.78,0,0
1.94,0,29.3788,0,0,29.3788,0,63.78,0,0
1.95,0,29.5294,0,0,29.5294,0,63.78,0,0
1.96,0,29.6801,0,0,29.6801,0,63.78,0,0
1.97,0,29.8307,0,0,29.8307,0,63.78,0,0
1.98,0,29.9814,0,0,29.9814,0,63.78,0,0
1.99,0,30.1321,0,0,30.1321,0,63.78,0,0
2,0.1507,30.1321,0,0.1507,30.1321,0,0,63.78,0
2.01,0.3013,30.1321,0,0.3013,30.1321,0,0,63.78,0
2.02,0.452,30.1321,0,0.452,30.1321,0,0,63.78,0
2.03,0.6026,30.1321,0,0.6026,30.1321,0,0,63.78,0
2.04,0.7533,30.1321,0,0.7533,30.1321,0,0,63.78,0
2.05,0.904,30.1321,0,0.904,30.1321,0,0,63.78,0
2.06,1.0546,30.1321,0,1.0546,30.1321,0,0,63.78,0
2.07,1.2053,30.1321,0,1.2053,30.1321,0,0,63.78,0
2.08,1.3559,30.1321,0,1.3559,30.1321,0,0,63.78,0
2.09,1.5066,30.1321,0,1.5066,30.1321,0,0,63.78,0
2.1,1.6573,30.1321,0,1.6573,30.1321,0,0,63.78,0
2.11,1.8079,30.1321,0,1.8079,30.1321,0,0,63.78,0
2.12,1.9586,30.1321,0,1.9586,30.1321,0,0,63.78,0
2.13,2.1092,30.1321,0,2.1092,30.1321,0,0,63.78,0
2.14,2.2599,30.1321,0,2.2599,30.1321,0,0,63.78,0
2.15,2.4106,30.1321,0,2.4106,30.1321,0,0,63.78,0
2.16,2.5612,30.1321,0,2.5612,30.1321,0,0,63.78,0
2.17,2.7119,30.1321,0,2.7119,30.1321,0,0,63.78,0
2.18,2.8625,30.1321,0,2.8625,30.1321,0,0,63.78,0
2.19,3.0132,30.1321,0,3.0132,30.1321,0,0,63.78,0
2.2,3.1639,30.1321,0,3.1639,30.1321,0,0,63.78,0
2.21,3.3145,30.1321,0,3.3145,30.1321,0,0,63.78,0
2.22,3.4652,30.1321,0,3.4652,30.1321,0,0,63.78,0
2.23,3.6158,30.1321,0,3.6158,30.1321,0,0,63.78,0
2.24,3.7665,30.1321,0,3.7665,30.1321,0,0,63.78,0
2.25,3.9172,30.1321,0,3.9172,30.1321,0,0,63.78,0
2.26,4.0678,30.1321,0,4.0678,30.1321,0,0,63.78,0
2.27,4.2185,30.1321,0,4.2185,30.1321,0,0,63.78,0
2.28,4.3691,30.1321,0,4.3691,30.1321,0,0,63.78,0
2.29,4.5198,30.1321,0,4.5198,30.1321,0,0,63.78,0
2.3,4.6705,30.1321,0,4.6705,30.1321,0,0,63.78,0
2.31,4.8211,30.1321,0,4.8211,30.1321,0,0,63.78,0
2.32,4.9718,30.1321,0,4.9718,30.1321,0,0,63.78,0
2.33,5.1225,30.1321,0,5.1225,30.1321,0,0,63.78,0
2.34,5.2731,30.1321,0,5.2731,30.1321,0,0,63.78,0
2.35,5.4238,30.1321,0,5.4238,30.1321,0,0,63.78,0
2.36,5.5744,30.1321,0,5.5744,30.1321,0,0,63.78,0
2.37,5.7251,30.1321,0,5.7251,30.1321,0,0,63.78,0
2.38,5.8758,30.1321,0,5.8758,30.1321,0,0,63.78,0
2.39,6.0264,30.1321,0,6.0264,30.1321,0,0,63.78,0
2.4,6.1771,30.1321,0,6.1771,30.1321,0,0,63.78,0
2.41,6.3277,30.1321,0,6.3277,30.1321,0,0,63.78,0
2.42,6.4784,30.1321,0,6.4784,30.1321,0,0,63.78,0
2.43,6.6291,30.1321,0,6.6291,30.1321,0,0,63.78,0
2.44,6.7797,30.1321,0,6.7797,30.1321,0,0,63.78,0
2.45,6.9304,30.1321,0,6.9304,30.1321,0,0,63.78,0
2.46,7.081,30.1321,0,7.081,30.1321,0,0,63.78,0
2.47,7.2317,30.1321,0,7.2317,30.1321,0,0,63.78,0
2.48,7.3824,30.1321,0,7.3824,30.1321,0,0,63.78,0
2.49,7.533,30.1321,0,7.533,30.1321,0,0,63.78,0
2.5,7.6837,30.1321,0,7.6837,30.1321,0,0,63.78,0
2.51,7.8343,30.1321,0,7.8343,30.1321,0,0,63.78,0
2.52,7.985,30.1321,0,7.985,30.1321,0,0,63.78,0
2.53,8.1357,30.1321,0,8.1357,30.1321,0,0,63.78,0
2.54,8.2863,30.1321,0,8.2863,30.1321,0,0,63.78,0
2.55,8.437,30.1321,0,8.437,30.1321,0,0,63.78,0
2.56,8.5876,30.1321,0,8.5876,30.1321,0,0,63.78,0
2.57,8.7383,30.1321,0,8.7383,30.1321,0,0,63.78,0
2.58,8.889,30.1321,0,8.889,30.1321,0,0,63.78,0
2.59,9.0396,30.1321,0,9.0396,30.1321,0,0,63.78,0
2.6,9.1903,30.1321,0,9.1903,30.1321,0,0,63.78,0
2.61,9.3409,30.1321,0,9.3409,30.1321,0,0,63.78,0
2.62,9.4916,30.1321,0,9.4916,30.1321,0,0,63.78,0
2.63,9.6423,30.1321,0,9.6423,30.1321,0,0,63.78,0
2.64,9.7929,30.1321,0,9.7929,30.1321,0,0,63.78,0
2.65,9.9436,30.1321,0,9.9436,30.1321,0,0,63.78,0
2.66,10.0942,30.1321,0,10.0942,30.1321,0,0,63.78,0
2.67,10.2449,30.1321,0,10.2449,30.1321,0,0,63.78,0
2.68,10.3956,30.1321,0,10.3956,30.1321,0,0,63.78,0
2.69,10.5462,30.1321,0,10.5462,30.1321,0,0,63.78,0
2.7,10.6969,30.1321,0,10.6969,30.1321,0,0,63.78,0
2.71,10.8475,30.1321,0,10.8475,30.1321,0,0,63.78,0
2.72,10.9982,30.1321,0,10.9982,30.1321,0,0,63.78,0
2.73,11.1489,30.1321,0,11.1489,30.1321,0,0,63.78,0
2.74,11.2995,30.1321,0,11.2995,30.1321,0,0,63.78,0
2.75,11.4502,30.1321,0,11.4502,30.1321,0,0,63.78,0
2.76,11.6008,30.1321,0,11.6008,30.1321,0,0,63.78,0
2.77,11.7515,30.1321,0,11.7515,30.1321,0,0,63.78,0
2.78,11.9022,30.1321,0,11.9022,30.1321,0,0,63.78,0
2.79,12.0528,30.1321,0,12.0528,30.1321,0,0,63.78,0
2.8,12.2035,30.1321,0,12.2035,30.1321,0,0,63.78,0
2.81,12.3541,30.1321,0,12.3541,30.1321,0,0,63.78,0
2.82,12.5048,30.1321,0,12.5048,30.1321,0,0,63.78,0
2.83,12.6555,30.1321,0,12.6555,30.1321,0,0,63.78,0
2.84,12.8061,30.1321,0,12.8061,30.1321,0,0,63.78,0
2.85,12.9568,30.1321,0,12.9568,30.1321,0,0,63.78,0
2.86,13.1074,30.1321,0,13.1074,30.1321,0,0,63.78,0
2.87,13.2581,30.1321,0,13.2581,30.1321,0,0,63.78,0
2.88,13.4088,30.1321,0,13.4088,30.1321,0,0,63.78,0
2.89,13.5594,30.1321,0,13.5594,30.1321,0,0,63.78,0
2.9,13.7101,30.1321,0,13.7101,30.1321,0,0,63.78,0
2.91,13.8607,30.1321,0,13.8607,30.1321,0,0,63.78,0
2.92,14.0114,30.1321,0,14.0114,30.1321,0,0,63.78,0
2.93,14.1621,30.1321,0,14.1621,30.1321,0,0,63.78,0
2.94,14.3127,30.1321,0,14.3127,30.1321,0,0,63.78,0
2.95,14.4634,30.1321,0,14.4634,30.1321,0,0,63.78,0
2.96,14.614,30.1321,0,14.614,30.1321,0,0,63.78,0
2.97,14.7647,30.1321,0,14.7647,30.1321,0,0,63.78,0
2.98,14.9154,30.1321,0,14.9154,30.1321,0,0,63.78,0
2.99,15.066,30.1321,0,15.066,30.1321,0,0,63.78,0
3,15.066,30.1321,-0.0158,15.066,30.1321,-0.0158,0,0,63.78
3.01,15.066,30.1321,-0.0316,15.066,30.1321,-0.0316,0,0,63.78
3.02,15.066,30.1321,-0.0473,15.066,30.1321,-0.0473,0,0,63.78
3.03,15.066,30.1321,-0.0631,15.066,30.1321,-0.0631,0,0,63.78
3.04,15.066,30.1321,-0.0789,15.066,30.1321,-0.0789,0,0,63.78
3.05,15.066,30.1321,-0.0947,15.066,30.1321,-0.0947,0,0,63.78
3.06,15.066,30.1321,-0.1104,15.066,30.1321,-0.1104,0,0,63.78
3.07,15.066,30.1321,-0.1262,15.066,30.1321,-0.1262,0,0,63.78
3.08,15.066,30.1321,-0.142,15.066,30.1321,-0.142,0,0,63.78
3.09,15.066,30.1321,-0.1578,15.066,30.1321,-0.1578,0,0,63.78
3.1,15.066,30.1321,-0.1735,15.066,30.1321,-0.1735,0,0,63.78
3.11,15.066,30.1321,-0.1893,15.066,30.1321,-0.1893,0,0,63.78
3.12,15.066,30.1321,-0.2051,15.066,30.1321,-0.2051,0,0,63.78
3.13,15.066,30.1321,-0.2209,15.066,30.1321,-0.2209,0,0,63.78
3.14,15.066,30.1321,-0.2367,15.066,30.1321,-0.2367,0,0,63.78
3.15,15.066,30.1321,-0.2524,15.066,30.1321,-0.2524,0,0,63.78
3.16,15.066,30.1321,-0.2682,15.066,30.1321,-0.2682,0,0,63.78
3.17,15.066,30.1321,-0.284,15.066,30.1321,-0.284,0,0,63.78
3.18,15.066,30.1321,-0.2998,15.066,30.1321,-0.2998,0,0,63.78
3.19,15.066,30.1321,-0.3155,15.066,30.1321,-0.3155,0,0,63.78
3.2,15.066,30.1321,-0.3313,15.066,30.1321,-0.3313,0,0,63.78
3.21,15.066,30.1321,-0.3471,15.066,30.1321,-0.3471,0,0,63.78
3.22,15.066,30.1321,-0.3629,15.066,30.1321,-0.3629,0,0,63.78
3.23,15.066,30.1321,-0.3787,15.066,30.1321,-0.3787,0,0,63.78
3.24,15.066,30.1321,-0.3944,15.066,30.1321,-0.3944,0,0,63.78
3.25,15.066,30.1321,-0.4102,15.066,30.1321,-0.4102,0,0,63.78
3.26,15.066,30.1321,-0.426,15.066,30.1321,-0.426,0,0,63.78
3.27,15.066,30.1321,-0.4418,15.066,30.1321,-0.4418,0,0,63.78
3.28,15.066,30.1321,-0.4575,15.066,30.1321,-0.4575,0,0,63.78
3.29,15.066,30.1321,-0.4733,15.066,30.1321,-0.4733,0,0,63.78
3.3,15.066,30.1321,-0.4891,15.066,30.1321,-0.4891,0,0,63.78
3.31,15.066,30.1321,-0.5049,15.066,30.1321,-0.5049,0,0,63.78
3.32,15.066,30.1321,-0.5206,15.066,30.1321,-0.5206,0,0,63.78
3.33,15.066,30.1321,-0.5364,15.066,30.1321,-0.5364,0,0,63.78
3.34,15.066,30.1321,-0.5522,15.066,30.1321,-0.5522,0,0,63.78
3.35,15.066,30.1321,-0.568,15.066,30.1321,-0.568,0,0,63.78
3.36,15.066,30.1321,-0.5838,15.066,30.1321,-0.5838,0,0,63.78
3.37,15.066,30.1321,-0.5995,15.066,30.1321,-0.5995,0,0,63.78
3.38,15.066,30.1321,-0.6153,15.066,30.1321,-0.6153,0,0,63.78
3.39,15.066,30.1321,-0.6311,15.066,30.1321,-0.6311,0,0,63.78
3.4,15.066,30.1321,-0.6469,15.066,30.1321,-0.6469,0,0,63.78
3.41,15.066,30.1321,-0.6626,15.066,30.1321,-0.6626,0,0,63.78
3.42,15.066,30.1321,-0.6784,15.066,30.1321,-0.6784,0,0,63.78
3.43,15.066,30.1321,-0.6942,15.066,30.1321,-0.6942,0,0,63.78
3.44,15.066,30.1321,-0.71,15.066,30.1321,-0.71,0,0,63.78
3.45,15.066,30.1321,-0.7257,15.066,30.1321,-0.7257,0,0,63.78
3.46,15.066,30.1321,-0.7415,15.066,30.1321,-0.7415,0,0,63.78
3.47,15.066,30.1321,-0.7573,15.066,30.1321,-0.7573,0,0,63.78
3.48,15.066,30.1321,-0.7731,15.066,30.1321,-0.7731,0,0,63.78
3.49,15.066,30.1321,-0.7889,15.066,30.1321,-0.7889,0,0,63.78
3.5,15.066,30.1321,-0.8046,15.066,30.1321,-0.8046,0,0,63.78
3.51,15.066,30.1321,-0.8204,15.066,30.1321,-0.8204,0,0,63.78
3.52,15.066,30.1321,-0.8362,15.066,30.1321,-0.8362,0,0,63.78
3.53,15.066,30.1321,-0.852,15.066,30.1321,-0.852,0,0,63.78
3.54,15.066,30.1321,-0.8677,15.066,30.1321,-0.8677,0,0,63.78
3.55,15.066,30.1321,-0.8835,15.066,30.1321,-0.8835,0,0,63.78
3.56,15.066,30.1321,-0.8993,15.066,30.1321,-0.8993,0,0,63.78
3.57,15.066,30.1321,-0.9151,15.066,30.1321,-0.9151,0,0,63.78
3.58,15.066,30.1321,-0.9308,15.066,30.1321,-0.9308,0,0,63.78
3.59,15.066,30.1321,-0.9466,15.066,30.1321,-0.9466,0,0,63.78
3.6,15.066,30.1321,-0.9624,15.066,30.1321,-0.9624,0,0,63.78
3.61,15.066,30.1321,-0.9782,15.066,30.1321,-0.9782,0,0,63.78
3.62,15.066,30.1321,-0.994,15.066,30.1321,-0.994,0,0,63.78
3.63,15.066,30.1321,-1.0097,15.066,30.1321,-1.0097,0,0,63.78
3.64,15.066,30.1321,-1.0255,15.066,30.1321,-1.0255,0,0,63.78
3.65,15.066,30.1321,-1.0413,15.066,30.1321,-1.0413,0,0,63.78
3.66,15.066,30.1321,-1.0571,15.066,30.1321,-1.0571,0,0,63.78
3.67,15.066,30.1321,-1.0728,15.066,30.1321,-1.0728,0,0,63.78
3.68,15.066,30.1321,-1.0886,15.066,30.1321,-1.0886,0,0,63.78
3.69,15.066,30.1321,-1.1044,15.066,30.1321,-1.1044,0,0,63.78
3.7,15.066,30.1321,-1.1202,15.066,30.1321,-1.1202,0,0,63.78
3.71,15.066,30.1321,-1.136,15.066,30.1321,-1.136,0,0,63.78
3.72,15.066,30.1321,-1.1517,15.066,30.1321,-1.1517,0,0,63.78
3.73,15.066,30.1321,-1.1675,15.066,30.1321,-1.1675,0,0,63.78
3.74,15.066,30.1321,-1.1833,15.066,30.1321,-1.1833,0,0,63.78
3.75,15.066,30.1321,-1.1991,15.066,30.1321,-1.1991,0,0,63.78
3.76,15.066,30.1321,-1.2148,15.066,30.1321,-1.2148,0,0,63.78
3.77,15.066,30.1321,-1.2306,15.066,30.1321,-1.2306,0,0,63.78
3.78,15.066,30.1321,-1.2464,15.066,30.1321,-1.2464,0,0,63.78
3.79,15.066,30.1321,-1.2622,15.066,30.1321,-1.2622,0,0,63.78
3.8,15.066,30.1321,-1.2779,15.066,30.1321,-1.2779,0,0,63.78
3.81,15.066,30.1321,-1.2937,15.066,30.1321,-1.2937,0,0,63.78
3.82,15.066,30.1321,-1.3095,15.066,30.1321,-1.3095,0,0,63.78
3.83,15.066,30.1321,-1.3253,15.066,30.1321,-1.3253,0,0,63.78
3.84,15.066,30.1321,-1.3411,15.066,30.1321,-1.3411,0,0,63.78
3.85,15.066,30.1321,-1.3568,15.066,30.1321,-1.3568,0,0,63.78
3.86,15.066,30.1321,-1.3726,15.066,30.1321,-1.3726,0,0,63.78
3.87,15.066,30.1321,-1.3884,15.066,30.1321,-1.3884,0,0,63.78
3.88,15.066,30.1321,-1.4042,15.066,30.1321,-1.4042,0,0,63.78
3.89,15.066,30.1321,-1.4199,15.066,30.1321,-1.4199,0,0,63.78
3.9,15.066,30.1321,-1.4357,15.066,30.1321,-1.4357,0,0,63.78
3.91,15.066,30.1321,-1.4515,15.066,30.1321,-1.4515,0,0,63.78
3.92,15.066,30.1321,-1.4673,15.066,30.1321,-1.4673,0,0,63.78
3.93,15.066,30.1321,-1.483,15.066,30.1321,-1.483,0,0,63.78
3.94,15.066,30.1321,-1.4988,15.066,30.1321,-1.4988,0,0,63.78
3.95,15.066,30.1321,-1.5146,15.066,30.1321,-1.5146,0,0,63.78
3.96,15.066,30.1321,-1.5304,15.066,30.1321,-1.5304,0,0,63.78
3.97,15.066,30.1321,-1.5462,15.066,30.1321,-1.5462,0,0,63.78
3.98,15.066,30.1321,-1.5619,15.066,30.1321,-1.5619,0,0,63.78
3.99,15.066,30.1321,-1.5777,15.066,30.1321,-1.5777,0,0,63.78
4,15.066,30.1321,-1.5935,15.066,30.1321,-1.5935,0,0,63.78
4.01,15.066,30.1321,-1.6093,15.066,30.1321,-1.6093,0,0,63.78
4.02,15.066,30.1321,-1.625,15.066,30.1321,-1.625,0,0,63.78
4.03,15.066,30.1321,-1.6408,15.066,30.1321,-1.6408,0,0,63.78
4.04,15.066,30.1321,-1.6566,15.066,30.1321,-1.6566,0,0,63.78
4.05,15.066,30.1321,-1.6724,15.066,30.1321,-1.6724,0,0,63.78
4.06,15.066,30.1321,-1.6882,15.066,30.1321,-1.6882,0,0,63.78
4.07,15.066,30.1321,-1.7039,15.066,30.1321,-1.7039,0,0,63.78
4.08,15.066,30.1321,-1.7197,15.066,30.1321,-1.7197,0,0,63.78
4.09,15.066,30.1321,-1.7355,15.066,30.1321,-1.7355,0,0,63.78
4.1,15.066,30.1321,-1.7513,15.066,30.1321,-1.7513,0,0,63.78
4.11,15.066,30.1321,-1.767,15.066,30.1321,-1.767,0,0,63.78
4.12,15.066,30.1321,-1.7828,15.066,30.1321,-1.7828,0,0,63.78
4.13,15.066,30.1321,-1.7986,15.066,30.1321,-1.7986,0,0,63.78
4.14,15.066,30.1321,-1.8144,15.066,30.1321,-1.8144,0,0,63.78
4.15,15.066,30.1321,-1.8301,15.066,30.1321,-1.8301,0,0,63.78
4.16,15.066,30.1321,-1.8459,15.066,30.1321,-1.8459,0,0,63.78
4.17,15.066,30.1321,-1.8617,15.066,30.1321,-1.8617,0,0,63.78
4.18,15.066,30.1321,-1.8775,15.066,30.1321,-1.8775,0,0,63.78
4.19,15.066,30.1321,-1.8933,15.066,30.1321,-1.8933,0,0,63.78
4.2,15.066,30.1321,-1.909,15.066,30.1321,-1.909,0,0,63.78
4.21,15.066,30.1321,-1.9248,15.066,30.1321,-1.9248,0,0,63.78
4.22,15.066,30.1321,-1.9406,15.066,30.1321,-1.9406,0,0,63.78
4.23,15.066,30.1321,-1.9564,15.066,30.1321,-1.9564,0,0,63.78
4.24,15.066,30.1321,-1.9721,15.066,30.1321,-1.9721,0,0,63.78
4.25,15.066,30.1321,-1.9879,15.066,30.1321,-1.9879,0,0,63.78
4.26,15.066,30.1321,-2.0037,15.066,30.1321,-2.0037,0,0,63.78
4.27,15.066,30.1321,-2.0195,15.066,30.1321,-2.0195,0,0,63.78
4.28,15.066,30.1321,-2.0352,15.066,30.1321,-2.0352,0,0,63.78
4.29,15.066,30.1321,-2.051,15.066,30.1321,-2.051,0,0,63.78
4.3,15.066,30.1321,-2.0668,15.066,30.1321,-2.0668,0,0,63.78
4.31,15.066,30.1321,-2.0826,15.066,30.1321,-2.0826,0,0,63.78
4.32,15.066,30.1321,-2.0984,15.066,30.1321,-2.0984,0,0,63.78
4.33,15.066,30.1321,-2.1141,15.066,30.1321,-2.1141,0,0,63.78
4.34,15.066,30.1321,-2.1299,15.066,30.1321,-2.1299,0,0,63.78
4.35,15.066,30.1321,-2.1457,15.066,30.1321,-2.1457,0,0,63.78
4.36,15.066,30.1321,-2.1615,15.066,30.1321,-2.1615,0,0,63.78
4.37,15.066,30.1321,-2.1772,15.066,30.1321,-2.1772,0,0,63.78
4.38,15.066,30.1321,-2.193,15.066,30.1321,-2.193,0,0,63.78
4.39,15.066,30.1321,-2.2088,15.066,30.1321,-2.2088,0,0,63.78
4.4,15.066,30.1321,-2.2246,15.066,30.1321,-2.2246,0,0,63.78
4.41,15.066,30.1321,-2.2403,15.066,30.1321,-2.2403,0,0,63.78
4.42,15.066,30.1321,-2.2561,15.066,30.1321,-2.2561,0,0,63.78
4.43,15.066,30.1321,-2.2719,15.066,30.1321,-2.2719,0,0,63.78
4.44,15.066,30.1321,-2.2877,15.066,30.1321,-2.2877,0,0,63.78
4.45,15.066,30.1321,-2.3035,15.066,30.1321,-2.3035,0,0,63.78
4.46,15.066,30.1321,-2.3192,15.066,30.1321,-2.3192,0,0,63.78
4.47,15.066,30.1321,-2.335,15.066,30.1321,-2.335,0,0,63.78
4.48,15.066,30.1321,-2.3508,15.066,30.1321,-2.3508,0,0,63.78
4.49,15.066,30.1321,-2.3666,15.066,30.1321,-2.3666,0,0,63.78
4.5,15.0649,30.0243,-2.3666,15.0649,30.0243,-2.3666,32.25,32.25,0
4.51,15.0638,29.9166,-2.3666,15.0638,29.9166,-2.3666,32.25,32.25,0
4.52,15.0627,29.8088,-2.3666,15.0627,29.8088,-2.3666,32.25,32.25,0
4.53,15.0616,29.7011,-2.3666,15.0616,29.7011,-2.3666,32.25,32.25,0
4.54,15.0604,29.5934,-2.3666,15.0604,29.5934,-2.3666,32.25,32.25,0
4.55,15.0593,29.4856,-2.3666,15.0593,29.4856,-2.3666,32.25,32.25,0
4.56,15.0582,29.3779,-2.3666,15.0582,29.3779,-2.3666,32.25,32.25,0
4.57,15.0571,29.2702,-2.3666,15.0571,29.2702,-2.3666,32.25,32.25,0
4.58,15.056,29.1624,-2.3666,15.056,29.1624,-2.3666,32.25,32.25,0
4.59,15.0549,29.0547,-2.3666,15.0549,29.0547,-2.3666,32.25,32.25,0
4.6,15.0537,28.947,-2.3666,15.0537,28.947,-2.3666,32.25,32.25,0
4.61,15.0526,28.8392,-2.3666,15.0526,28.8392,-2.3666,32.25,32.25,0
4.62,15.0515,28.7315,-2.3666,15.0515,28.7315,-2.3666,32.25,32.25,0
4.63,15.0504,28.6237,-2.3666,15.0504,28.6237,-2.3666,32.25,32.25,0
4.64,15.0493,28.516,-2.3666,15.0493,28.516,-2.3666,32.25,32.25,0
4.65,15.0482,28.4083,-2.3666,15.0482,28.4083,-2.3666,32.25,32.25,0
4.66,15.047,28.3005,-2.3666,15.047,28.3005,-2.3666,32.25,32.25,0
4.67,15.0459,28.1928,-2.3666,15.0459,28.1928,-2.3666,32.25,32.25,0
4.68,15.0448,28.0851,-2.3666,15.0448,28.0851,-2.3666,32.25,32.25,0
4.69,15.0437,27.9773,-2.3666,15.0437,27.9773,-2.3666,32.25,32.25,0
4.7,15.0426,27.8696,-2.3666,15.0426,27.8696,-2.3666,32.25,32.25,0
4.71,15.0414,27.7618,-2.3666,15.0414,27.7618,-2.3666,32.25,32.25,0
4.72,15.0403,27.6541,-2.3666,15.0403,27.6541,-2.3666,32.25,32.25,0
4.73,15.0392,27.5464,-2.3666,15.0392,27.5464,-2.3666,32.25,32.25,0
4.74,15.0381,27.4386,-2.3666,15.0381,27.4386,-2.3666,32.25,32.25,0
4.75,15.037,27.3309,-2.3666,15.037,27.3309,-2.3666,32.25,32.25,0
4.76,15.0359,27.2232,-2.3666,15.0359,27.2232,-2.3666,32.25,32.25,0
4.77,15.0347,27.1154,-2.3666,15.0347,27.1154,-2.3666,32.25,32.25,0
4.78,15.0336,27.0077,-2.3666,15.0336,27.0077,-2.3666,32.25,32.25,0
4.79,15.0325,26.8999,-2.3666,15.0325,26.8999,-2.3666,32.25,32.25,0
4.8,15.0314,26.7922,-2.3666,15.0314,26.7922,-2.3666,32.25,32.25,0
4.81,15.0303,26.6845,-2.3666,15.0303,26.6845,-2.3666,32.25,32.25,0
4.82,15.0292,26.5767,-2.3666,15.0292,26.5767,-2.3666,32.25,32.25,0
4.83,15.028,26.469,-2.3666,15.028,26.469,-2.3666,32.25,32.25,0
4.84,15.0269,26.3613,-2.3666,15.0269,26.3613,-2.3666,32.25,32.25,0
4.85,15.0258,26.2535,-2.3666,15.0258,26.2535,-2.3666,32.25,32.25,0
4.86,15.0247,26.1458,-2.3666,15.0247,26.1458,-2.3666,32.25,32.25,0
4.87,15.0236,26.038,-2.3666,15.0236,26.038,-2.3666,32.25,32.25,0
4.88,15.0224,25.9303,-2.3666,15.0224,25.9303,-2.3666,32.25,32.25,0
4.89,15.0213,25.8226,-2.3666,15.0213,25.8226,-2.3666,32.25,32.25,0
4.9,15.0202,25.7148,-2.3666,15.0202,25.7148,-2.3666,32.25,32.25,0
4.91,15.0191,25.6071,-2.3666,15.0191,25.6071,-2.3666,32.25,32.25,0
4.92,15.018,25.4994,-2.3666,15.018,25.4994,-2.3666,32.25,32.25,0
4.93,15.0169,25.3916,-2.3666,15.0169,25.3916,-2.3666,32.25,32.25,0
4.94,15.0157,25.2839,-2.3666,15.0157,25.2839,-2.3666,32.25,32.25,0
4.95,15.0146,25.1762,-2.3666,15.0146,25.1762,-2.3666,32.25,32.25,0
4.96,15.0135,25.0684,-2.3666,15.0135,25.0684,-2.3666,32.25,32.25,0
4.97,15.0124,24.9607,-2.3666,15.0124,24.9607,-2.3666,32.25,32.25,0
4.98,15.0113,24.8529,-2.3666,15.0113,24.8529,-2.3666,32.25,32.25,0
4.99,15.0102,24.7452,-2.3666,15.0102,24.7452,-2.3666,32.25,32.25,0
5,15.009,24.6375,-2.3666,15.009,24.6375,-2.3666,32.25,32.25,0
5.01,15.0079,24.5297,-2.3666,15.0079,24.5297,-2.3666,32.25,32.25,0
5.02,15.0068,24.422,-2.3666,15.0068,24.422,-2.3666,32.25,32.25,0
5.03,15.0057,24.3143,-2.3666,15.0057,24.3143,-2.3666,32.25,32.25,0
5.04,15.0046,24.2065,-2.3666,15.0046,24.2065,-2.3666,32.25,32.25,0
5.05,15.0035,24.0988,-2.3666,15.0035,24.0988,-2.3666,32.25,32.25,0
5.06,15.0023,23.991,-2.3666,15.0023,23.991,-2.3666,32.25,32.25,0
5.07,15.0012,23.8833,-2.3666,15.0012,23.8833,-2.3666,32.25,32.25,0
5.08,15.0001,23.7756,-2.3666,15.0001,23.7756,-2.3666,32.25,32.25,0
5.09,14.999,23.6678,-2.3666,14.999,23.6678,-2.3666,32.25,32.25,0
5.1,14.9979,23.5601,-2.3666,14.9979,23.5601,-2.3666,32.25,32.25,0
5.11,14.9967,23.4524,-2.3666,14.9967,23.4524,-2.3666,32.25,32.25,0
5.12,14.9956,23.3446,-2.3666,14.9956,23.3446,-2.3666,32.25,32.25,0
5.13,14.9945,23.2369,-2.3666,14.9945,23.2369,-2.3666,32.25,32.25,0
5.14,14.9934,23.1291,-2.3666,14.9934,23.1291,-2.3666,32.25,32.25,0
5.15,14.9923,23.0214,-2.3666,14.9923,23.0214,-2.3666,32.25,32.25,0
5.16,14.9912,22.9137,-2.3666,14.9912,22.9137,-2.3666,32.25,32.25,0
5.17,14.99,22.8059,-2.3666,14.99,22.8059,-2.3666,32.25,32.25,0
5.18,14.9889,22.6982,-2.3666,14.9889,22.6982,-2.3666,32.25,32.25,0
5.19,14.9878,22.5905,-2.3666,14.9878,22.5905,-2.3666,32.25,32.25,0
5.2,14.9867,22.4827,-2.3666,14.9867,22.4827,-2.3666,32.25,32.25,0
5.21,14.9856,22.375,-2.3666,14.9856,22.375,-2.3666,32.25,32.25,0
5.22,14.9845,22.2672,-2.3666,14.9845,22.2672,-2.3666,32.25,32.25,0
5.23,14.9833,22.1595,-2.3666,14.9833,22.1595,-2.3666,32.25,32.25,0
5.24,14.9822,22.0518,-2.3666,14.9822,22.0518,-2.3666,32.25,32.25,0
5.25,14.9811,21.944,-2.3666,14.9811,21.944,-2.3666,32.25,32.25,0
5.26,14.98,21.8363,-2.3666,14.98,21.8363,-2.3666,32.25,32.25,0
5.27,14.9789,21.7286,-2.3666,14.9789,21.7286,-2.3666,32.25,32.25,0
5.28,14.9777,21.6208,-2.3666,14.9777,21.6208,-2.3666,32.25,32.25,0
5.29,14.9766,21.5131,-2.3666,14.9766,21.5131,-2.3666,32.25,32.25,0
5.3,14.9755,21.4054,-2.3666,14.9755,21.4054,-2.3666,32.25,32.25,0
5.31,14.9744,21.2976,-2.3666,14.9744,21.2976,-2.3666,32.25,32.25,0
5.32,14.9733,21.1899,-2.3666,14.9733,21.1899,-2.3666,32.25,32.25,0
5.33,14.9722,21.0821,-2.3666,14.9722,21.0821,-2.3666,32.25,32.25,0
5.34,14.971,20.9744,-2.3666,14.971,20.9744,-2.3666,32.25,32.25,0
5.35,14.9699,20.8667,-2.3666,14.9699,20.8667,-2.3666,32.25,32.25,0
5.36,14.9688,20.7589,-2.3666,14.9688,20.7589,-2.3666,32.25,32.25,0
5.37,14.9677,20.6512,-2.3666,14.9677,20.6512,-2.3666,32.25,32.25,0
5.38,14.9666,20.5435,-2.3666,14.9666,20.5435,-2.3666,32.25,32.25,0
5.39,14.9655,20.4357,-2.3666,14.9655,20.4357,-2.3666,32.25,32.25,0
5.4,14.9643,20.328,-2.3666,14.9643,20.328,-2.3666,32.25,32.25,0
5.41,14.9632,20.2202,-2.3666,14.9632,20.2202,-2.3666,32.25,32.25,0
5.42,14.9621,20.1125,-2.3666,14.9621,20.1125,-2.3666,32.25,32.25,0
5.43,14.961,20.0048,-2.3666,14.961,20.0048,-2.3666,32.25,32.25,0
5.44,14.9599,19.897,-2.3666,14.9599,19.897,-2.3666,32.25,32.25,0
5.45,14.9588,19.7893,-2.3666,14.9588,19.7893,-2.3666,32.25,32.25,0
5.46,14.9576,19.6816,-2.3666,14.9576,19.6816,-2.3666,32.25,32.25,0
5.47,14.9565,19.5738,-2.3666,14.9565,19.5738,-2.3666,32.25,32.25,0
5.48,14.9554,19.4661,-2.3666,14.9554,19.4661,-2.3666,32.25,32.25,0
5.49,14.9543,19.3583,-2.3666,14.9543,19.3583,-2.3666,32.25,32.25,0
